"Group","Species","Asymmetry_Factor","Tailing_Factor","Skewness","Kurtosis","Q1","Q2","Q3","|Q2-Q1|","|Q2-Q3|","|Q2-Q1| / |Q2-Q3|","|Q2-Q3| / |Q2-Q1|"
"precursor","E.coli",1.93103448275862,1.52857142857143,1.19185629161602,19.7070967104341,-2.22238649394438,-2.05637947621111,-1.94255882947934,0.166007017733268,0.113820646731773,1.45849652501515,0.685637560905134
"precursor","Human",1.04347826086956,1.01666666666667,-0.566747763395658,18.4065885447361,-0.104680178347434,-0.0165555893966596,0.066384486228362,0.088124588950774,0.0829400756250216,1.06250914635275,0.941168368698452
"precursor","Yeast",1.44444444444444,1.3030303030303,0.582126607675155,13.486953919766,1.01315942086963,1.09868937307315,1.21245780965568,0.0855299522035167,0.11376843658253,0.751789817745025,1.33015901039931
"protein group","E.coli",2.08695652173913,1.53571428571428,5.2096051687313,44.6766148558178,-2.31523821590907,-2.14329154481182,-2.03020712942526,0.171946671097253,0.113084415386558,1.52051607208195,0.657671443505861
"protein group","Human",1.52,1.296875,0.482812226368763,19.891473704447,-0.087425609141141,-0.0272455685638175,0.0162828109678975,0.0601800405773235,0.043528379531715,1.38254723067455,0.723302595248117
"protein group","Yeast",2.06451612903226,1.41666666666667,-0.362688175381882,12.4995065590062,1.07327097290535,1.13028008904083,1.22821904006936,0.0570091161354804,0.097938951028526,0.582088285986193,1.71795245510871
